Server,Allocated Users
0,"[142, 236, 409, 664, 906, 920, 1232, 1329, 1401, 1458, 1625, 1640, 1748, 1925, 1996, 2213, 2271, 2289, 2345, 2450, 2479, 2554, 2644, 2824, 3058, 3135, 3156, 3295, 3365, 3408, 3483, 3532, 3656, 3664, 3757, 4166, 4192, 4244, 4310, 4324, 4329, 4363, 4459, 4634, 4640, 4654, 4682, 4886, 4953, 4966, 5835, 5865, 5874, 6025, 6030, 6124, 6171, 6318, 6640, 6670, 6837, 7271, 7284, 7310, 7322, 7382, 7422, 7449, 7468, 7568, 7596, 7714, 7809, 7887, 7894, 7919, 7952, 8233, 8360, 8416, 8441, 8448, 8569, 8587, 8615, 8646, 8706, 8707, 8803, 8820, 9064, 9083, 9177, 9219, 9311, 9435, 9572, 9772, 9812, 9835]"
1,"[74, 111, 158, 230, 283, 292, 323, 344, 534, 891, 943, 1069, 1102, 1119, 1123, 1203, 1273, 1417, 1535, 1573, 1604, 1637, 1887, 2104, 2152, 2185, 2207, 2387, 2446, 2471, 2552, 2582, 2826, 2949, 2991, 3017, 3438, 3457, 3680, 3696, 3733, 3736, 3864, 3911, 4277, 4343, 4378, 4476, 4647, 4694, 4991, 5143, 5179, 5184, 5225, 5251, 5348, 5380, 5627, 5710, 5762, 5808, 5838, 5915, 6321, 6328, 6351, 6389, 6448, 6474, 6618, 6706, 6912, 6916, 7113, 7168, 7366, 7402, 7415, 7445, 7498, 7518, 7525, 7594, 7734, 7971, 8066, 8235, 8289, 8301, 8452, 8622, 8700, 8786, 8815, 8974, 9014, 9103, 9227, 9272, 9307, 9433, 9501, 9521, 9549, 9585, 9618]"
2,"[92, 223, 278, 308, 362, 380, 448, 488, 572, 987, 1248, 1293, 1639, 1690, 1762, 1784, 1838, 1848, 1884, 1956, 1999, 2083, 2149, 2402, 2405, 2424, 2442, 2500, 2596, 2658, 2812, 2864, 2889, 2969, 3066, 3134, 3140, 3217, 3448, 3772, 3936, 3974, 4009, 4083, 4096, 4125, 4322, 4344, 4409, 4475, 4710, 4803, 4952, 5129, 5199, 5278, 5313, 5473, 5487, 5569, 5617, 5854, 5925, 6206, 6463, 6525, 6672, 6835, 7007, 7078, 7097, 7157, 7183, 7342, 7579, 7580, 7730, 7858, 7870, 7934, 8154, 8529, 8570, 8573, 8659, 8969, 8989, 9299, 9823, 9887]"
3,"[103, 150, 215, 234, 241, 280, 300, 318, 364, 518, 728, 769, 787, 826, 918, 1002, 1087, 1230, 1332, 1350, 1405, 1514, 1794, 1809, 1818, 1906, 2001, 2022, 2039, 2103, 2153, 2162, 2438, 2913, 2920, 3098, 3163, 3256, 3428, 3570, 3690, 3747, 3983, 4076, 4087, 4215, 4400, 4406, 4534, 4559, 4585, 4593, 4639, 4781, 4808, 4844, 4923, 4949, 5150, 5181, 5266, 5334, 5412, 5462, 5567, 5704, 5753, 5765, 5985, 6156, 6276, 6294, 6306, 6309, 6378, 6694, 6853, 6890, 6907, 6926, 6978, 7272, 7289, 7305, 7703, 7728, 7732, 7851, 7859, 7881, 8036, 8076, 8083, 8226, 8403, 8670, 8784, 9031, 9094, 9110, 9114, 9189, 9273, 9351, 9352, 9448, 9506, 9588, 9626, 9675, 9904, 9978]"
4,"[27, 45, 348, 393, 396, 477, 842, 890, 1183, 1201, 1258, 1321, 1326, 1337, 1341, 1344, 1475, 1797, 1806, 1819, 1842, 1874, 2048, 2112, 2137, 2184, 2215, 2432, 2451, 2791, 2849, 3030, 3183, 3185, 3191, 3231, 3376, 3435, 3542, 3767, 3851, 4133, 4419, 4519, 4605, 4627, 4780, 4899, 4917, 4918, 4925, 5066, 5092, 5368, 5406, 5424, 5556, 5685, 5767, 5871, 5920, 5939, 5977, 6403, 6442, 6591, 6747, 6749, 6903, 7044, 7110, 7398, 7513, 7647, 7653, 7800, 7868, 7920, 8077, 8105, 8293, 8406, 8770, 8858, 8872, 9165, 9446, 9554, 9592, 9784, 9937, 9944, 9959]"
5,"[35, 127, 145, 404, 445, 678, 703, 775, 905, 969, 970, 993, 1091, 1315, 1323, 1390, 1533, 1646, 1876, 1930, 2020, 2054, 2154, 2168, 2378, 2473, 2494, 2551, 2561, 2871, 2924, 2988, 3454, 3536, 3729, 3749, 3786, 3844, 3905, 3958, 3996, 4110, 4170, 4193, 4295, 4326, 4549, 4706, 4842, 4849, 4985, 5252, 5294, 5444, 5539, 5595, 5700, 5839, 5842, 5945, 6029, 6103, 6260, 6283, 6287, 6383, 6421, 6621, 6639, 6797, 6938, 7016, 7077, 7126, 7135, 7268, 7275, 7388, 7474, 7488, 7554, 7565, 7602, 7668, 7833, 7951, 8198, 8248, 8256, 8291, 8382, 8497, 8511, 8595, 8645, 8813, 8828, 8864, 8984, 9032, 9061, 9072, 9092, 9170, 9540, 9565, 9625, 9768, 9948]"
6,"[20, 22, 73, 239, 332, 402, 429, 571, 783, 797, 902, 1136, 1465, 1551, 1655, 1719, 1749, 1791, 1820, 1853, 1921, 1922, 1977, 2024, 2150, 2343, 2352, 2454, 2560, 2657, 2668, 2766, 2773, 2827, 2836, 2899, 3016, 3128, 3158, 3290, 3356, 3364, 3661, 3708, 3856, 3944, 3945, 4024, 4146, 4225, 4279, 4404, 4525, 4562, 4590, 4595, 4615, 5001, 5023, 5180, 5371, 5392, 5437, 5563, 5864, 5938, 6109, 6189, 6221, 6317, 6450, 6626, 6630, 6739, 6774, 7020, 7054, 7055, 7150, 7294, 7313, 7347, 7535, 7779, 7804, 7843, 8078, 8242, 8398, 8451, 8526, 8620, 8671, 8673, 8729, 8763, 8853, 8869, 9033, 9045, 9086, 9098, 9157, 9234, 9241, 9627, 9668, 9751, 9899, 9942]"
7,"[97, 228, 294, 519, 595, 726, 733, 785, 871, 985, 1089, 1236, 1342, 1435, 1574, 1605, 1823, 1841, 1994, 2087, 2176, 2216, 2304, 2415, 2431, 2469, 2528, 2530, 2661, 2893, 2895, 3007, 3033, 3062, 3413, 3554, 3615, 3742, 3759, 3818, 3965, 3997, 4002, 4044, 4067, 4320, 4338, 4367, 4533, 4624, 4688, 4791, 4809, 4856, 4905, 5034, 5107, 5191, 5236, 5241, 5247, 5351, 5455, 5599, 5826, 5969, 6042, 6149, 6152, 6183, 6315, 6335, 6356, 6395, 6438, 6505, 6720, 6855, 6862, 6895, 7018, 7179, 7371, 7487, 7669, 7762, 7768, 7978, 8027, 8040, 8057, 8172, 8184, 8267, 8284, 8288, 8371, 8512, 8612, 8701, 8877, 8896, 9185, 9479, 9586, 9642, 9910, 9955, 9962]"
8,"[44, 71, 96, 186, 361, 476, 491, 605, 730, 790, 864, 963, 1033, 1098, 1257, 1322, 1406, 1482, 1565, 1666, 1716, 2069, 2223, 2393, 2434, 2457, 2474, 2627, 2666, 2784, 2852, 2857, 2888, 2947, 2994, 3141, 3147, 3195, 3339, 3399, 3437, 3509, 3618, 3628, 3813, 3912, 4029, 4149, 4374, 4389, 4398, 4743, 4788, 5012, 5173, 5273, 5408, 5442, 5687, 6194, 6198, 6245, 6293, 6359, 6394, 6425, 6431, 6610, 6710, 6752, 7006, 7111, 7124, 7143, 7226, 7348, 7545, 7842, 8072, 8134, 8282, 8294, 8380, 8388, 8411, 8580, 8601, 8666, 8691, 8779, 8960, 9124, 9251, 9337, 9393, 9514, 9607, 9638, 9709, 9886, 9923]"
9,"[291, 338, 463, 542, 649, 672, 696, 723, 916, 919, 962, 1046, 1081, 1175, 1208, 1335, 1347, 1383, 1633, 1689, 2073, 2140, 2148, 2280, 2364, 2369, 2427, 2510, 2581, 2623, 2698, 2705, 2747, 2954, 3129, 3261, 3296, 3314, 3588, 3674, 4256, 4451, 4484, 4495, 4518, 4548, 4714, 4733, 4756, 4764, 4817, 4874, 4900, 4932, 4974, 5024, 5116, 5254, 5425, 5734, 5875, 5879, 6115, 6190, 6210, 6366, 6375, 6451, 6480, 6676, 6772, 6921, 6955, 7414, 7905, 8006, 8007, 8031, 8171, 8186, 8187, 8355, 8399, 8489, 8640, 8717, 8746, 8769, 8780, 8783, 8792, 9037, 9145, 9261, 9387, 9776, 9847, 9848]"
10,"[198, 271, 324, 329, 466, 641, 831, 910, 915, 1129, 1231, 1306, 1309, 1457, 1463, 1713, 1786, 1980, 2059, 2187, 2443, 2536, 2548, 2638, 2675, 2689, 2760, 2821, 2840, 2963, 3051, 3078, 3101, 3116, 3230, 3380, 3496, 3614, 4143, 4401, 4517, 4836, 4950, 4965, 5175, 5238, 5277, 5321, 5456, 5531, 5885, 5986, 6008, 6200, 6384, 6397, 6560, 6680, 6809, 6925, 6952, 7012, 7136, 7696, 7707, 7727, 7885, 8038, 8090, 8099, 8161, 8271, 8311, 8642, 8718, 8911, 8936, 8948, 9276, 9362, 9575, 9682, 9715, 9783, 9845]"
11,"[21, 173, 209, 225, 254, 260, 265, 289, 447, 579, 645, 685, 701, 912, 1057, 1075, 1108, 1413, 1439, 1464, 1491, 1676, 1728, 1822, 1967, 2015, 2032, 2081, 2248, 2524, 2977, 3006, 3133, 3229, 3232, 3271, 3429, 3495, 3499, 3541, 3567, 3975, 4005, 4135, 4179, 4203, 4221, 4238, 4264, 4372, 4536, 4660, 4683, 4873, 4897, 5082, 5091, 5399, 5445, 5469, 5693, 5766, 6049, 6055, 6131, 6249, 6258, 6270, 6461, 6724, 6854, 6951, 6988, 7011, 7013, 7048, 7559, 7643, 7655, 7740, 7791, 7857, 8004, 8341, 8393, 8435, 8507, 8562, 8590, 8712, 8806, 8871, 9043, 9507, 9509, 9711, 9716, 9735, 9831, 9953]"
12,"[95, 335, 341, 442, 453, 496, 506, 552, 570, 637, 925, 930, 946, 1030, 1052, 1109, 1224, 1365, 1426, 1437, 1659, 1756, 1787, 2371, 2458, 2573, 2729, 2805, 3255, 3266, 3274, 3288, 3349, 3574, 3681, 3694, 3780, 3871, 4010, 4011, 4084, 4416, 4509, 4668, 4758, 5005, 5196, 5216, 5474, 5620, 5640, 5660, 5711, 5823, 5901, 5943, 5962, 6043, 6067, 6150, 6155, 6161, 6175, 6231, 6520, 6773, 7032, 7094, 7213, 7261, 7515, 7520, 7560, 7666, 7692, 7705, 7906, 8138, 8147, 8522, 8530, 8559, 8617, 8627, 8661, 8932, 8933, 8975, 8979, 9041, 9042, 9342, 9397, 9672, 9748, 9934]"
13,"[8, 72, 129, 306, 330, 392, 441, 503, 514, 592, 850, 968, 1017, 1187, 1251, 1352, 1366, 1380, 1541, 1601, 1636, 1645, 1854, 1939, 1981, 2029, 2044, 2067, 2283, 2365, 2598, 2647, 2756, 2771, 2862, 3045, 3069, 3097, 3210, 3272, 3323, 3340, 3442, 3453, 3465, 3558, 3724, 3824, 3886, 3890, 3926, 3969, 4278, 4336, 4339, 4650, 4662, 4769, 4800, 4840, 4896, 5056, 5121, 5478, 5587, 5883, 6072, 6076, 6209, 6277, 6519, 6526, 6619, 6746, 6819, 6868, 6881, 6962, 7059, 7084, 7100, 7156, 7344, 7456, 7462, 7679, 7782, 7867, 7941, 7970, 7997, 8042, 8102, 8166, 8224, 8350, 8373, 8394, 8414, 8596, 8856, 8970, 9112, 9162, 9312, 9398, 9513, 9614, 9690, 9713, 9741, 9795, 9809, 9922]"
14,"[277, 297, 366, 406, 620, 742, 1041, 1084, 1161, 1163, 1556, 1634, 1782, 1815, 1924, 2047, 2093, 2399, 2493, 2652, 2706, 2734, 2786, 2908, 3003, 3039, 3048, 3052, 3153, 3299, 3318, 3338, 3374, 3412, 3761, 3966, 4007, 4068, 4254, 4461, 4488, 4685, 4731, 4750, 4941, 5018, 5072, 5144, 5185, 5495, 5511, 5804, 5833, 5923, 5988, 6262, 6529, 6569, 6692, 6813, 6887, 6945, 7131, 7187, 7203, 7253, 7336, 7356, 7384, 7485, 7506, 7583, 7650, 7743, 7796, 7914, 7981, 8060, 8188, 8325, 8361, 8461, 8538, 8585, 8599, 8616, 8737, 8738, 8743, 8807, 8831, 9048, 9100, 9140, 9154, 9223, 9324, 9331, 9396, 9462, 9598, 9637, 9827, 9990]"
15,"[37, 70, 131, 168, 175, 305, 458, 547, 577, 590, 738, 750, 835, 866, 950, 1013, 1101, 1190, 1233, 1331, 1455, 1524, 1586, 1618, 1734, 1735, 1775, 1821, 1834, 2181, 2297, 2315, 2459, 2478, 2532, 2540, 2679, 3123, 3146, 3172, 3227, 3379, 3425, 3486, 3602, 3775, 3919, 4013, 4502, 4513, 4596, 4730, 4818, 4969, 4995, 5011, 5205, 5354, 5655, 5674, 5688, 5736, 5811, 5825, 6010, 6039, 6095, 6119, 6128, 6320, 6376, 6492, 6548, 6584, 6714, 6830, 7010, 7030, 7039, 7164, 7171, 7375, 7648, 7991, 8014, 8091, 8100, 8118, 8205, 8682, 8711, 8727, 8829, 8888, 8894, 8955, 8976, 9028, 9040, 9084, 9132, 9150, 9156, 9224, 9298, 9517, 9651, 9666, 9846, 9857, 9936]"
16,"[32, 167, 253, 345, 389, 426, 549, 573, 669, 760, 814, 867, 954, 995, 1037, 1070, 1112, 1362, 1614, 1686, 1688, 1692, 1826, 1883, 1965, 1983, 1986, 2097, 2194, 2400, 2611, 2624, 2882, 3023, 3076, 3190, 3216, 3352, 3881, 3889, 4049, 4342, 4376, 4537, 4814, 4833, 4891, 4898, 4915, 5268, 5275, 5582, 5596, 5634, 5663, 5913, 5980, 6054, 6062, 6158, 6264, 6274, 6470, 6475, 6556, 6571, 6609, 6663, 6669, 6682, 6744, 6831, 6898, 6936, 6965, 6989, 7017, 7050, 7116, 7142, 7151, 7204, 7334, 7351, 7629, 7713, 7836, 7850, 7974, 8075, 8104, 8210, 8258, 8376, 8442, 8444, 8561, 8777, 9097, 9111, 9209, 9225, 9269, 9722, 9800, 9915, 9992]"
17,"[118, 261, 317, 367, 599, 757, 822, 839, 1130, 1186, 1487, 1520, 1552, 1564, 1577, 1720, 1752, 1859, 1947, 2094, 2192, 2355, 2386, 2490, 2574, 2637, 2719, 2762, 2767, 2781, 2830, 2886, 2907, 2964, 2982, 3122, 3175, 3189, 3246, 3371, 3551, 3576, 3597, 3659, 3727, 3840, 3907, 3924, 3990, 3993, 4035, 4341, 4361, 4542, 4622, 4655, 4715, 4741, 4771, 4928, 4930, 4947, 4980, 5074, 5081, 5176, 5312, 5365, 5379, 5543, 5752, 5832, 5858, 5866, 5898, 5967, 6057, 6192, 6339, 6416, 6440, 6547, 6625, 6715, 6807, 6902, 6904, 7047, 7057, 7233, 7292, 7353, 7584, 7587, 7622, 7660, 7786, 7866, 7950, 7979, 8151, 8225, 8236, 8528, 8568, 8630, 8715, 8761, 8768, 9020, 9038, 9121, 9213, 9313, 9603, 9630, 9721, 9774, 9841]"
18,"[15, 34, 403, 504, 548, 600, 681, 799, 1009, 1035, 1338, 1402, 1407, 1546, 1598, 1635, 1845, 1910, 2277, 2294, 2695, 2712, 2739, 2772, 2856, 2942, 2950, 2992, 3391, 3419, 3489, 3514, 3721, 3888, 3906, 3931, 4020, 4142, 4223, 4233, 4486, 4584, 4709, 4728, 4773, 5040, 5146, 5222, 5323, 5441, 5983, 5990, 6089, 6228, 6410, 6588, 6702, 6757, 6852, 6911, 6918, 7104, 7258, 7264, 7343, 7362, 7425, 7497, 7672, 7723, 7854, 7917, 8214, 8278, 8384, 8481, 8586, 8855, 8916, 8957, 9006, 9049, 9055, 9073, 9125, 9260, 9421, 9611, 9778, 9917, 9938]"
19,"[138, 161, 304, 451, 544, 702, 894, 895, 897, 1189, 1247, 1278, 1355, 1540, 1736, 1779, 1900, 2013, 2382, 2619, 2690, 2850, 2955, 3049, 3107, 3108, 3159, 3324, 3630, 3720, 3837, 3859, 4041, 4198, 4239, 4296, 4428, 4458, 4854, 4877, 4990, 5065, 5145, 5263, 5360, 5396, 5541, 5695, 5795, 5828, 6001, 6215, 6478, 6602, 6636, 6778, 6788, 6901, 7321, 7478, 7543, 7989, 8084, 8386, 8488, 8775, 8903, 9168, 9221, 9243, 9306, 9469, 9574, 9661, 9870, 9889, 9939, 9997]"
20,"[58, 208, 299, 387, 473, 617, 623, 851, 931, 953, 1194, 1360, 1479, 1563, 1580, 1792, 2077, 2260, 2741, 2869, 3093, 3145, 3275, 3392, 3623, 3710, 4040, 4080, 4109, 4210, 4319, 4396, 4424, 4425, 4427, 4496, 4520, 4577, 4687, 4945, 5008, 5019, 5148, 5234, 5391, 5407, 5421, 5678, 5702, 5787, 5963, 6020, 6154, 6160, 6286, 6393, 6553, 6870, 6871, 6970, 7221, 7352, 7463, 7566, 7673, 7799, 7812, 7895, 7900, 8251, 8280, 8479, 8486, 8626, 8693, 8713, 8736, 8766, 9175, 9228, 9254, 9318, 9358, 9437, 9472, 9481, 9731]"
21,"[130, 312, 414, 424, 465, 648, 727, 819, 862, 1062, 1226, 1340, 1359, 1415, 1443, 1460, 1530, 1578, 1880, 1911, 1966, 2292, 2751, 2884, 3073, 3155, 3207, 3212, 3366, 3484, 3752, 3872, 3933, 4034, 4097, 4199, 4301, 4315, 4483, 4583, 4599, 4754, 4832, 4908, 4939, 5344, 5492, 5648, 5799, 5857, 5899, 6031, 6075, 6085, 6087, 6147, 6252, 6522, 6523, 6539, 6759, 6776, 6786, 6821, 6875, 7091, 7383, 7416, 7607, 7718, 8080, 8093, 8137, 8283, 8419, 8453, 8456, 8665, 8811, 8990, 9078, 9088, 9297, 9529, 9629, 9683]"
22,"[61, 77, 195, 309, 310, 438, 495, 635, 675, 751, 848, 952, 1264, 1271, 1356, 1375, 1419, 1516, 1547, 1549, 1798, 1811, 2010, 2107, 2254, 2281, 2413, 3214, 3361, 3420, 3566, 3688, 3762, 3808, 3891, 3898, 3909, 4173, 4245, 4414, 4499, 4600, 4954, 4981, 5105, 5255, 5314, 5326, 5414, 5604, 5623, 5759, 5882, 5906, 5910, 6091, 6482, 6510, 6575, 6590, 6708, 7008, 7025, 7101, 7240, 7709, 7960, 8033, 8079, 8085, 8126, 8144, 8383, 8450, 8517, 8531, 8552, 8684, 8734, 8921, 9029, 9106, 9131, 9343, 9355, 9523, 9535, 9581, 9620, 9644, 9873, 9882]"
23,"[3, 89, 105, 146, 349, 569, 602, 716, 847, 879, 901, 949, 961, 1066, 1126, 1210, 1261, 1454, 1462, 1480, 1525, 1715, 1739, 1844, 1878, 2095, 2228, 2259, 2309, 2339, 2481, 2735, 2848, 2970, 3077, 3137, 3157, 3756, 3809, 3992, 3995, 4012, 4563, 4589, 4911, 5051, 5073, 5301, 5389, 5467, 5553, 5649, 5872, 5888, 6207, 6261, 6300, 6407, 6565, 6829, 6846, 7493, 7507, 7702, 7724, 7778, 7899, 7969, 8071, 8097, 8195, 8269, 8316, 8346, 8423, 8591, 8628, 8635, 8854, 8874, 8966, 9057, 9144, 9258, 9454, 9532, 9547, 9966]"
24,"[141, 179, 180, 181, 316, 347, 385, 405, 490, 568, 688, 777, 878, 1060, 1137, 1147, 1153, 1276, 1398, 1499, 1620, 1772, 1828, 2057, 2167, 2253, 2302, 2522, 2545, 2640, 2802, 3113, 3187, 3309, 3372, 3396, 3469, 3647, 3682, 3910, 3917, 4162, 4260, 4364, 4649, 4713, 4827, 5102, 5483, 5488, 5535, 5621, 5680, 5789, 5822, 5877, 5884, 5887, 5907, 6013, 6118, 6144, 6163, 6244, 6311, 6543, 6616, 6646, 6933, 7029, 7063, 7064, 7068, 7090, 7109, 7279, 7455, 7476, 7913, 7935, 7983, 7993, 8015, 8055, 8306, 8318, 8348, 8391, 8521, 8688, 8865, 9183, 9216, 9230, 9268, 9402, 9461, 9663, 9758, 9797, 9810]"
25,"[64, 159, 284, 285, 636, 686, 747, 863, 928, 1127, 1160, 1185, 1384, 1510, 1527, 1531, 1555, 1653, 1754, 1795, 1915, 1962, 2014, 2034, 2078, 2286, 2447, 2463, 2558, 2730, 2782, 2815, 2879, 3057, 3193, 3784, 3845, 3941, 3985, 4066, 4160, 4271, 4403, 4453, 5108, 5157, 5217, 5243, 5282, 5318, 5485, 5525, 5548, 5578, 5798, 5870, 5881, 5930, 5966, 6004, 6065, 6225, 6236, 6405, 6509, 6627, 6653, 6668, 6691, 6913, 7106, 7186, 7250, 7400, 7489, 7598, 7788, 7838, 8062, 8413, 9067, 9212, 9290, 9378, 9381, 9553, 9563, 9762, 9865, 9883, 9916, 9932, 9988]"
26,"[24, 55, 314, 766, 843, 1131, 1162, 1165, 1240, 1253, 1263, 1429, 1522, 1896, 1991, 2108, 2346, 2408, 2641, 2645, 2962, 3088, 3273, 3395, 3416, 3555, 3585, 3879, 3880, 3895, 4025, 4115, 4136, 4174, 4719, 4795, 5057, 5381, 5427, 5453, 5542, 5562, 5565, 5658, 5725, 5744, 5746, 5793, 5856, 5935, 5978, 6101, 6303, 6325, 6434, 6891, 6899, 7069, 7277, 7329, 7465, 7553, 7614, 7815, 7832, 7869, 7922, 7955, 7977, 8338, 8358, 8437, 8603, 8679, 8695, 8730, 8842, 8875, 9415, 9420, 9520, 9564, 9753, 9788, 9860, 9914, 9956]"
27,"[79, 121, 156, 269, 561, 720, 789, 870, 884, 976, 1094, 1393, 1410, 1566, 1572, 1584, 1656, 1660, 1769, 1865, 2053, 2151, 2209, 2212, 2588, 2591, 2723, 2736, 2740, 2796, 2813, 2825, 2997, 3021, 3026, 3118, 3468, 3579, 3613, 3706, 3750, 3877, 3914, 3988, 4046, 4072, 4217, 4218, 4236, 4265, 4280, 4407, 4721, 4734, 4855, 4904, 4957, 5174, 5219, 5285, 5534, 5586, 5819, 5878, 6069, 6193, 6214, 6268, 6398, 6441, 6485, 6486, 6528, 6648, 6656, 6737, 7036, 7417, 7434, 7469, 7500, 7536, 7552, 7572, 7774, 7957, 8046, 8054, 8131, 8477, 8495, 8650, 8662, 8672, 8716, 8812, 8870, 9034, 9292, 9384, 9404, 9424, 9444, 9537, 9766, 9780, 9837, 9876]"
28,"[40, 75, 264, 272, 274, 303, 336, 687, 784, 888, 980, 1025, 1297, 1502, 1669, 1710, 1882, 2111, 2514, 2602, 2755, 2817, 2834, 2858, 2945, 2975, 3300, 3385, 3534, 3587, 3666, 3731, 3802, 3976, 4043, 4108, 4194, 4242, 4243, 4303, 4436, 4463, 4510, 4566, 4890, 4902, 5106, 5119, 5324, 5377, 5432, 5476, 5572, 5601, 5622, 5706, 5718, 5776, 6275, 6324, 6372, 6460, 6481, 6483, 6803, 6805, 6886, 6959, 7137, 7262, 7316, 7374, 7604, 7699, 7830, 7883, 8163, 8201, 8212, 8322, 8332, 8439, 8634, 8692, 8703, 8808, 9004, 9082, 9118, 9137, 9242, 9361, 9489, 9696, 9750, 9903]"
29,"[54, 178, 339, 352, 587, 598, 616, 677, 945, 1074, 1265, 1310, 1369, 1451, 1628, 1673, 1718, 1777, 1928, 2329, 2414, 2425, 2556, 2804, 2965, 3027, 3100, 3115, 3262, 3452, 3525, 3625, 3627, 4100, 4148, 4492, 4633, 4661, 4822, 5152, 5210, 5262, 5631, 5652, 5653, 5699, 5770, 5772, 5941, 5952, 5958, 6068, 6289, 6445, 6504, 6570, 6580, 6964, 7201, 7282, 7295, 7492, 7511, 7530, 7808, 7954, 8133, 8152, 8396, 8683, 8694, 8900, 8910, 8926, 9164, 9410, 9724, 9777, 9825, 9945, 9961, 9993]"
30,"[157, 270, 379, 470, 494, 643, 654, 710, 810, 875, 1152, 1282, 1371, 1498, 1560, 1608, 1652, 1733, 1833, 1904, 1938, 2011, 2016, 2066, 2074, 2110, 2130, 2268, 2331, 2336, 2453, 2484, 2497, 2550, 2701, 2708, 2875, 2931, 2938, 3061, 3068, 3126, 3268, 3433, 3517, 3619, 3652, 3726, 3769, 3819, 4077, 4145, 4167, 4204, 4263, 4293, 4328, 4373, 4450, 4579, 4657, 4684, 4843, 4940, 5122, 5479, 5557, 5580, 5671, 5675, 5733, 5805, 6146, 6238, 6299, 6338, 6396, 6467, 6695, 7256, 7320, 7453, 7534, 7571, 7593, 7606, 7662, 7664, 7773, 7816, 8050, 8169, 8430, 8471, 8667, 8685, 8915, 8919, 9046, 9090, 9091, 9108, 9184, 9222, 9315, 9339, 9347, 9480, 9595, 9609, 9701, 9769, 9851, 9856, 9965, 9989]"
31,"[62, 319, 325, 484, 589, 624, 741, 780, 927, 975, 1132, 1156, 1211, 1420, 1505, 1576, 1590, 1843, 1852, 1946, 2000, 2116, 2144, 2204, 2301, 2377, 2539, 2646, 2674, 2787, 2928, 3053, 3063, 3083, 3359, 3375, 3394, 3461, 3487, 3498, 3556, 3658, 3858, 3939, 3949, 4014, 4127, 4460, 4546, 4632, 4651, 4871, 5006, 5135, 5178, 5256, 5279, 5289, 5316, 5336, 5447, 5554, 5644, 5647, 5705, 5724, 5889, 5954, 5955, 5974, 6015, 6199, 6350, 6423, 6491, 6517, 6956, 7001, 7086, 7152, 7222, 7327, 7404, 7635, 7693, 7790, 7813, 7876, 7942, 7947, 7961, 8074, 8250, 8285, 8327, 8339, 8649, 8774, 8860, 8899, 8940, 8963, 9015, 9030, 9036, 9196, 9206, 9279, 9303, 9344, 9583, 9628, 9893, 9898, 9928, 9940, 9974]"
32,"[47, 76, 108, 474, 559, 674, 683, 737, 844, 1014, 1243, 1374, 1490, 1685, 1757, 1827, 1889, 1892, 1937, 2065, 2246, 2375, 2506, 2960, 3094, 3414, 3637, 3885, 3994, 4028, 4258, 4273, 4603, 4616, 4737, 4740, 4772, 4858, 5002, 5227, 5520, 5657, 5786, 5862, 6046, 6195, 6208, 6307, 6494, 6601, 6717, 6775, 6790, 6889, 7260, 7361, 7436, 7496, 7504, 7548, 7557, 7781, 7795, 7811, 7823, 8005, 8238, 8492, 8513, 8606, 8641, 8733, 8757, 8934, 9023, 9238, 9385, 9478, 9499, 9503, 9623, 9632, 9799]"
33,"[31, 416, 508, 520, 521, 524, 651, 691, 853, 899, 1117, 1287, 1623, 1703, 1744, 1903, 1941, 2242, 2583, 2818, 2842, 3018, 3080, 3096, 3174, 3292, 3520, 3773, 3825, 4004, 4060, 4309, 4331, 4362, 4516, 4601, 4690, 4762, 4937, 4976, 5048, 5099, 5182, 5287, 5584, 5598, 5616, 5673, 5679, 5716, 5729, 5948, 6022, 6136, 6464, 6600, 7162, 7224, 7372, 7567, 7676, 7711, 7805, 7875, 7878, 8056, 8108, 8127, 8190, 8209, 8506, 8539, 8576, 8637, 8648, 8687, 8735, 8938, 9302, 9383, 9451, 9457, 9468, 9556, 9578, 9597, 9756, 9796, 9924]"
34,"[125, 163, 166, 233, 313, 776, 801, 933, 1038, 1110, 1168, 1227, 1674, 1694, 1742, 1898, 1936, 2357, 2396, 2585, 2639, 2874, 2980, 2985, 3059, 3243, 3281, 3320, 3640, 3700, 3744, 3778, 3807, 3943, 4207, 4397, 4444, 4504, 4594, 4893, 4936, 5096, 5170, 5257, 5288, 5397, 5402, 5430, 5743, 5764, 6071, 6116, 6157, 6280, 6427, 6435, 6502, 6514, 6546, 6812, 6838, 7079, 7121, 7159, 7177, 7249, 7270, 7278, 7311, 7592, 7701, 7759, 7780, 8223, 8342, 8353, 8365, 8550, 8939, 8964, 9151, 9326, 9341, 9416, 9495, 9500, 9608]"
35,"[30, 113, 263, 293, 397, 450, 563, 583, 615, 938, 972, 1093, 1181, 1198, 1515, 1631, 1675, 1704, 1709, 1771, 1832, 1897, 1920, 2017, 2163, 2238, 2263, 2273, 2353, 2465, 2470, 2662, 2711, 2822, 3041, 3188, 3196, 3244, 3409, 3503, 3559, 3626, 3639, 3651, 3712, 3896, 3928, 3934, 4063, 4163, 4175, 4188, 4307, 4445, 4530, 4547, 4598, 4644, 4729, 4801, 4863, 4888, 4960, 5083, 5198, 5218, 5382, 5449, 5481, 5532, 5698, 5754, 5796, 5946, 5972, 6083, 6201, 6219, 6358, 6518, 6608, 6689, 6729, 6897, 7080, 7140, 7291, 7315, 7358, 7556, 7612, 7680, 7909, 7910, 7938, 8025, 8176, 8218, 8308, 8354, 8469, 8724, 9050, 9054, 9117, 9149, 9328, 9460, 9508, 9602, 9641]"
36,"[9, 102, 417, 455, 639, 791, 800, 813, 832, 872, 885, 1064, 1085, 1164, 1184, 1249, 1339, 1346, 1500, 1534, 1569, 1592, 1661, 1723, 1750, 1831, 1901, 1978, 1989, 2333, 2422, 2520, 2549, 2568, 2720, 2724, 2757, 2775, 2892, 3205, 3228, 3294, 3328, 3586, 3707, 3718, 3883, 3929, 3948, 3951, 4059, 4123, 4383, 4384, 4388, 4527, 4551, 4656, 4705, 4884, 5017, 5054, 5064, 5188, 5286, 5636, 5921, 6196, 6227, 6232, 6323, 6385, 6550, 6947, 7015, 7051, 7170, 7178, 7430, 7447, 7904, 8034, 8103, 8352, 8924, 8930, 9159, 9214, 9300, 9350, 9473, 9488, 9752, 9767, 9834, 9868, 9913, 9925]"
37,"[249, 328, 342, 538, 574, 663, 802, 934, 1139, 1204, 1228, 1229, 1424, 1594, 1643, 2006, 2060, 2062, 2245, 2255, 2472, 2688, 2835, 2846, 2897, 3071, 3245, 3254, 3308, 3313, 3362, 3523, 3646, 3665, 3961, 4512, 4567, 4588, 4698, 5016, 5027, 5084, 5189, 5206, 5292, 5589, 5672, 5727, 5844, 5846, 5900, 6045, 6129, 6330, 6348, 6449, 6704, 6763, 6876, 6909, 6997, 7128, 7237, 7247, 7252, 7309, 7328, 7433, 7439, 7481, 7726, 7918, 8081, 8120, 8153, 8156, 8247, 8589, 8973, 8982, 8986, 9134, 9305, 9345, 9366, 9406, 9493, 9579, 9593, 9633, 9730, 9773, 9991]"
38,"[134, 237, 242, 425, 604, 652, 735, 1023, 1045, 1059, 1281, 1721, 2005, 2025, 2071, 2157, 2191, 2232, 2368, 2437, 2496, 2507, 2529, 2543, 2656, 2727, 2868, 2900, 3029, 3065, 3132, 3192, 3220, 3307, 3310, 3500, 3573, 3629, 3648, 3716, 3805, 3843, 4197, 4480, 4883, 4935, 5022, 5088, 5186, 5317, 5335, 5383, 5613, 5821, 5904, 5908, 6061, 6102, 6104, 6322, 6362, 6444, 6454, 6530, 6576, 6910, 6979, 6993, 7139, 7314, 7319, 7355, 7542, 7745, 7801, 7819, 7829, 8148, 8200, 8385, 8473, 8563, 8890, 8977, 9496, 9732, 9745]"
39,"[10, 59, 238, 296, 337, 395, 407, 471, 537, 557, 614, 935, 1082, 1114, 1154, 1174, 1377, 1394, 1396, 1436, 1485, 2243, 2288, 2313, 2317, 2372, 2430, 2433, 2728, 2779, 2809, 2853, 2894, 3085, 3148, 3393, 3502, 3543, 3620, 3624, 3713, 4089, 4219, 4281, 4391, 4614, 4823, 4942, 4999, 5114, 5163, 5193, 5271, 5378, 5493, 5558, 5742, 5778, 5876, 5973, 6070, 6422, 6545, 6701, 6782, 6799, 6839, 6924, 7033, 7087, 7214, 7302, 7376, 7401, 7479, 7514, 7519, 7546, 7826, 7879, 7958, 7996, 8082, 8140, 8281, 8363, 8410, 8510, 8680, 8760, 8805, 8929, 8951, 8997, 9026, 9056, 9059, 9166, 9199, 9244, 9364, 9400, 9408, 9425, 9522, 9664, 9728, 9820, 9954]"
40,"[327, 478, 483, 532, 560, 580, 947, 999, 1115, 1133, 1256, 1328, 1554, 1579, 1801, 1913, 1954, 2038, 2241, 2251, 2482, 2533, 2547, 2609, 2823, 2883, 2901, 2916, 2979, 3104, 3111, 3215, 3221, 3260, 3312, 3417, 3507, 3608, 3755, 3870, 3913, 3916, 3964, 4023, 4106, 4214, 4298, 4346, 4370, 4479, 4497, 4704, 4919, 4959, 4962, 4982, 5109, 5209, 5552, 5686, 5737, 5750, 5895, 5951, 5995, 6034, 6037, 6038, 6053, 6204, 6334, 6420, 6515, 6628, 6851, 6879, 6929, 6996, 6999, 7028, 7049, 7062, 7251, 7339, 7389, 7467, 7654, 7784, 8304, 8490, 8498, 8607, 8675, 8697, 8745, 8764, 8857, 8972, 8994, 9107, 9173, 9176, 9220, 9390, 9391, 9423, 9434, 9471, 9624, 9674, 9759, 9791, 9833, 9838, 9878]"
41,"[11, 19, 91, 124, 137, 286, 381, 439, 531, 647, 817, 833, 940, 1116, 1145, 1220, 1319, 1343, 1613, 1627, 1641, 1682, 1886, 2082, 2282, 2348, 2360, 2577, 2599, 2615, 2620, 2633, 2770, 2831, 2936, 3010, 3020, 3034, 3280, 3368, 3398, 3449, 3513, 3631, 3676, 3789, 3892, 3950, 4092, 4235, 4282, 4535, 4555, 4610, 4626, 4658, 4686, 5032, 5070, 5126, 5158, 5426, 5533, 5577, 5661, 5813, 6027, 6178, 6254, 6273, 6285, 6377, 6484, 6513, 6582, 6649, 6718, 6754, 6756, 6832, 6843, 7075, 7155, 7166, 7283, 7350, 7394, 7399, 7521, 7529, 7558, 7632, 7651, 7794, 8029, 8035, 8049, 8063, 8408, 8533, 8741, 8772, 8852, 8868, 8884, 8935, 8967, 9017, 9085, 9128, 9370, 9371, 9394, 9687, 9743, 9859, 9892]"
42,"[485, 596, 676, 712, 876, 896, 991, 1055, 1073, 1192, 1244, 1318, 1386, 1411, 1543, 1553, 1593, 1621, 1700, 1856, 1917, 1972, 2088, 2161, 2296, 2362, 2397, 2512, 2578, 2613, 2863, 2922, 3390, 3423, 3568, 3581, 3649, 3768, 3779, 4037, 4246, 4257, 4371, 4623, 4745, 4749, 4785, 5138, 5187, 5245, 5250, 5303, 5331, 5670, 5738, 5777, 5797, 5831, 5845, 6005, 6058, 6191, 6224, 6242, 6284, 6512, 6611, 6751, 6818, 6974, 7088, 7099, 7123, 7242, 7340, 7359, 7806, 7897, 8179, 8231, 8257, 8581, 8796, 8848, 8999, 9008, 9116, 9122, 9301, 9552, 9570, 9652, 9757, 9969]"
43,"[216, 374, 415, 622, 668, 982, 1307, 1484, 1486, 1585, 1647, 1743, 1979, 2035, 2173, 2318, 2428, 2499, 2744, 2797, 2906, 2927, 2984, 3168, 3458, 3598, 3699, 3776, 3897, 3967, 4129, 4337, 4433, 4514, 4561, 4637, 4638, 4652, 4724, 4790, 4867, 4984, 5125, 5228, 5328, 5512, 5624, 5635, 5745, 5953, 6024, 6316, 6455, 6462, 6654, 6761, 6826, 7037, 7175, 7370, 7541, 7626, 7682, 7861, 7886, 8113, 8141, 8173, 8249, 8296, 8534, 8558, 8787, 8846, 8961, 8992, 9153, 9455, 9551, 9559, 9761, 9902, 9907, 9909]"
44,"[43, 90, 191, 281, 334, 383, 575, 695, 838, 1039, 1090, 1158, 1300, 1305, 1397, 1418, 1679, 1747, 1899, 1997, 2142, 2178, 2227, 2477, 2605, 2607, 2707, 2725, 2737, 2810, 2832, 2986, 3075, 3218, 3527, 3564, 3672, 3817, 3839, 3842, 3878, 3884, 3984, 4091, 4140, 4202, 4316, 4348, 4418, 4571, 4573, 4824, 4865, 4879, 4944, 4989, 5021, 5033, 5049, 5272, 5342, 5359, 5376, 5394, 5398, 5464, 5503, 5561, 5818, 5960, 5981, 6077, 6110, 6143, 6167, 6313, 6337, 6364, 6424, 6617, 6721, 6804, 7085, 7148, 7160, 7198, 7218, 7368, 7369, 7373, 7448, 7458, 7613, 7634, 7738, 7783, 7871, 7931, 8011, 8326, 8438, 8440, 8445, 8494, 8577, 8744, 8962, 9010, 9024, 9181, 9442, 9528, 9754]"
45,"[120, 229, 268, 357, 526, 680, 746, 827, 889, 913, 923, 1105, 1519, 1668, 1765, 1869, 1890, 2072, 2136, 2196, 2257, 2258, 2593, 2606, 2618, 2717, 2754, 2819, 2828, 2876, 2885, 3092, 3151, 3476, 3655, 3862, 4008, 4305, 4314, 4366, 4381, 4390, 4522, 4539, 4618, 4786, 4881, 4924, 4933, 4934, 5063, 5223, 5235, 5302, 5309, 5347, 5405, 5475, 5594, 5625, 5654, 5682, 5696, 6007, 6090, 6097, 6153, 6187, 6263, 6473, 6629, 6637, 6954, 7023, 7056, 7517, 7926, 8000, 8135, 8177, 8302, 8328, 8472, 8574, 8658, 8709, 8797, 9115, 9432, 9459, 9569, 9584, 9635, 9671, 9996]"
46,"[84, 211, 443, 601, 721, 795, 816, 898, 996, 1104, 1289, 1444, 1523, 1596, 1908, 2237, 2299, 2483, 2509, 2570, 2643, 2902, 2934, 3070, 3488, 3607, 3662, 4045, 4058, 4079, 4168, 4200, 4237, 4385, 4478, 4648, 4674, 4739, 4946, 5036, 5061, 5153, 5162, 5261, 5410, 5411, 5461, 5559, 5588, 5633, 5861, 5896, 6021, 6066, 6534, 6698, 6845, 6859, 7002, 7066, 7083, 7281, 7346, 7360, 7407, 7575, 8122, 8174, 8189, 8246, 8467, 8500, 8759, 8882, 9052, 9079, 9136, 9147, 9288, 9422, 9548, 9676, 9779, 9785, 9879]"
47,"[4, 68, 80, 194, 276, 400, 805, 1018, 1425, 1642, 1705, 1840, 2023, 2274, 2320, 2461, 2617, 2660, 2673, 2743, 2763, 2917, 3139, 3162, 3200, 3211, 3387, 3519, 3793, 3811, 3875, 4064, 4113, 4330, 4359, 4412, 4421, 4609, 4961, 4973, 5029, 5120, 5140, 5264, 5343, 5506, 5568, 5603, 5641, 5646, 5709, 5940, 6134, 6235, 6413, 6489, 6498, 6713, 6958, 6990, 7038, 7041, 7053, 7073, 7363, 7444, 7544, 7582, 7671, 7872, 7992, 8008, 8009, 8130, 8260, 8263, 8336, 8516, 8681, 8740, 8923, 9142, 9267, 9511, 9519, 9645, 9653, 9669, 9739, 9771, 9885]"
48,"[151, 235, 262, 298, 430, 593, 638, 665, 788, 859, 932, 958, 1122, 1202, 1275, 1387, 1466, 1588, 1609, 1632, 1671, 1788, 1907, 1948, 1953, 1961, 2004, 2198, 2202, 2211, 2252, 2322, 2426, 2622, 2682, 2687, 2801, 3136, 3257, 3363, 3518, 3535, 3552, 3599, 3719, 3737, 3740, 3868, 4026, 4090, 4120, 4138, 4190, 4288, 4299, 4355, 4392, 4393, 4439, 4531, 4554, 4606, 4707, 4757, 4779, 4914, 4963, 4997, 5045, 5134, 5333, 5363, 5375, 5989, 6003, 6145, 6168, 6355, 6374, 6433, 6500, 6578, 6614, 6633, 6665, 6743, 6894, 6914, 7144, 7217, 7337, 7605, 7739, 7789, 7814, 7837, 7864, 7987, 8019, 8061, 8185, 8268, 8312, 8409, 8504, 8520, 8629, 8714, 8754, 8802, 9001, 9205, 9248, 9256, 9266, 9330, 9382, 9388, 9414, 9484, 9654, 9707, 9764, 9908, 9957]"
49,"[135, 155, 351, 436, 558, 612, 715, 1043, 1270, 1348, 1364, 1373, 1403, 1414, 1448, 1602, 1629, 1783, 1873, 1934, 1964, 2008, 2171, 2303, 2338, 2388, 2390, 2535, 2564, 2677, 2788, 2845, 2870, 3012, 3117, 3144, 3213, 3224, 3381, 3522, 3528, 3553, 3604, 3632, 3730, 3902, 3942, 4074, 4128, 4248, 4253, 4464, 4663, 4670, 4722, 4811, 5041, 5078, 5259, 5308, 5472, 5477, 5626, 5691, 5758, 5950, 5975, 6064, 6132, 6645, 6673, 6949, 7027, 7074, 7153, 7169, 7267, 7435, 7564, 7609, 7688, 7733, 7746, 7807, 7834, 8003, 8052, 8092, 8096, 8303, 8464, 8485, 8879, 8920, 8941, 9065, 9081, 9102, 9401, 9615, 9639, 9684, 9708, 9717, 9782, 9861]"
50,"[86, 122, 245, 431, 629, 634, 644, 986, 1049, 1096, 1254, 1905, 1974, 2007, 2028, 2036, 2119, 2275, 2363, 2429, 2663, 2742, 2759, 2820, 2912, 2921, 2932, 2953, 3004, 3035, 3105, 3336, 3511, 3697, 3766, 3790, 3987, 4052, 4312, 4423, 4675, 4699, 4948, 4975, 5060, 5230, 5307, 5494, 5519, 5593, 5610, 5916, 5944, 6012, 6088, 6173, 6181, 6205, 6834, 6934, 6992, 6994, 7105, 7219, 7232, 7245, 7419, 7423, 7810, 7937, 8117, 8124, 8159, 8446, 8625, 8647, 8799, 9233, 9286, 9295, 9524, 9606, 9643, 9699, 9712, 9819, 9836, 9880]"
51,"[143, 197, 201, 226, 625, 656, 828, 1095, 1218, 1234, 1456, 1650, 1957, 1992, 2217, 2220, 2276, 2435, 2519, 2681, 2769, 3015, 3283, 3297, 3401, 3482, 3684, 3918, 4016, 4101, 4289, 4380, 4386, 4472, 4482, 4552, 4565, 4646, 5009, 5085, 5087, 5167, 5283, 5338, 5504, 5550, 5576, 5611, 5739, 5807, 5849, 5992, 6078, 6106, 6121, 6139, 6305, 6631, 6657, 6693, 6825, 6961, 6972, 7112, 7119, 7236, 7238, 7257, 7333, 7656, 7686, 7756, 7828, 8069, 8202, 8229, 8514, 8588, 8655, 8678, 8708, 8728, 8790, 8996, 9263, 9275, 9280, 9291, 9316, 9447, 9491, 9596, 9613, 9700, 9714, 9804, 9901]"
52,"[66, 94, 244, 555, 693, 834, 1053, 1182, 1209, 1219, 1311, 1382, 1433, 1493, 1691, 1745, 1951, 2160, 2188, 2203, 2226, 2236, 2340, 2411, 2439, 2444, 2731, 2765, 2794, 2998, 3032, 3036, 3481, 3501, 3521, 3678, 3698, 3734, 3794, 3876, 4047, 4061, 4070, 4073, 4086, 4177, 4183, 4435, 4452, 4498, 4511, 4572, 4576, 4659, 4777, 4802, 4835, 4869, 4903, 4913, 4993, 4998, 5115, 5127, 5304, 5393, 5606, 5689, 5692, 5782, 5917, 5976, 6113, 6148, 6326, 6327, 6430, 6719, 6800, 6884, 7014, 7035, 7058, 7364, 7427, 7770, 7818, 7911, 8324, 8447, 8546, 8686, 8705, 8731, 8821, 8893, 8993, 9329, 9395, 9443, 9539, 9542, 9600, 9677, 9737, 9744, 9793, 9830, 9975, 9987, 9999]"
53,"[33, 78, 246, 428, 489, 502, 551, 626, 771, 829, 1199, 1215, 1222, 1295, 1438, 1670, 2002, 2129, 2177, 2508, 2680, 2714, 2785, 2898, 2926, 3404, 3445, 3450, 3478, 3516, 3867, 3894, 4220, 4230, 4340, 4399, 4470, 4625, 5000, 5183, 5215, 5356, 5418, 5780, 5890, 6406, 6493, 6664, 6667, 6726, 6957, 7331, 7820, 7839, 7999, 8155, 8192, 8264, 8292, 8315, 8367, 8553, 8579, 8583, 8651, 8739, 8959, 9021, 9077, 9089, 9218, 9239, 9380, 9411, 9419, 9561, 9853]"
54,"[104, 206, 533, 606, 725, 748, 956, 1006, 1056, 1072, 1150, 1200, 1214, 1217, 1470, 1506, 1706, 1708, 1760, 1968, 2100, 2109, 2199, 2214, 2235, 2358, 2394, 2417, 2546, 2594, 2608, 2659, 2694, 2718, 2748, 2923, 3267, 3298, 3301, 3321, 3342, 3479, 3531, 3560, 3565, 3593, 3643, 3679, 3787, 4000, 4124, 4292, 4440, 4468, 4556, 4592, 4711, 4759, 4792, 4815, 4862, 4926, 5052, 5172, 5500, 5602, 5612, 5676, 5735, 6142, 6229, 6230, 6340, 6401, 6426, 6527, 6583, 6613, 6760, 7009, 7045, 7173, 7625, 7649, 7700, 7719, 7787, 7994, 8023, 8145, 8252, 8333, 8345, 8429, 8431, 8749, 8839, 8898, 9139, 9190, 9573, 9852]"
55,"[99, 218, 224, 340, 363, 630, 739, 759, 768, 841, 936, 965, 973, 1314, 1392, 1492, 1548, 1817, 1871, 1950, 1958, 2080, 2121, 2146, 2174, 2240, 2462, 2480, 2515, 2616, 2664, 2761, 3223, 3402, 3510, 3529, 3645, 3695, 3783, 3822, 4006, 4144, 4184, 4446, 4523, 4717, 4847, 4861, 5069, 5101, 5142, 5169, 5315, 5327, 5413, 5731, 5783, 5791, 5830, 5965, 5971, 6011, 6023, 6032, 6108, 6257, 6469, 6655, 6731, 6738, 6783, 6932, 6987, 6998, 7301, 7505, 7510, 7526, 7550, 7608, 7620, 7636, 7670, 7880, 8053, 8107, 8204, 8660, 8751, 8834, 8906, 8947, 9003, 9011, 9138, 9152, 9441, 9476, 9543, 9678, 9817, 9844]"
56,"[23, 48, 192, 256, 258, 360, 418, 578, 697, 711, 778, 794, 815, 860, 883, 1197, 1268, 1294, 1333, 1421, 1430, 1575, 1759, 1766, 1850, 1912, 1973, 2076, 2086, 2089, 2117, 2359, 2398, 2406, 2419, 2672, 2685, 2697, 2778, 3330, 3378, 3702, 3738, 3764, 3799, 3893, 3972, 4019, 4098, 4208, 4251, 4308, 4426, 4474, 4521, 4540, 4574, 4604, 4653, 4829, 4931, 5028, 5059, 5459, 5538, 5547, 5668, 5713, 5760, 5773, 5815, 5891, 5909, 6177, 6203, 6246, 6391, 6479, 6592, 6736, 6960, 6963, 7060, 7259, 7296, 7349, 7412, 7466, 7585, 7601, 7637, 7763, 7817, 7882, 7924, 8253, 8377, 8433, 8571, 8608, 8756, 8825, 8840, 8983, 9027, 9074, 9308, 9317, 9356, 9363, 9450, 9453, 9601, 9650, 9927, 9931, 9963]"
57,"[25, 149, 371, 378, 517, 745, 763, 767, 1427, 1474, 1537, 1658, 1677, 1684, 1724, 1863, 1923, 2031, 2128, 2170, 2350, 2418, 2600, 2753, 2910, 3009, 3095, 3173, 3176, 3431, 3471, 3633, 3735, 3796, 3832, 3955, 3991, 4119, 4126, 4302, 4333, 4672, 4804, 4813, 4868, 4876, 5015, 5086, 5139, 5214, 5458, 5524, 5632, 5637, 6123, 6140, 6217, 6369, 6439, 6531, 6842, 6930, 6940, 7070, 7138, 7522, 7691, 7721, 7751, 7896, 7936, 7948, 8002, 8206, 8207, 8216, 8237, 8320, 8344, 8535, 8557, 8782, 8885, 8909, 8925, 9025, 9203, 9252, 9525, 9658, 9802, 9826]"
58,"[252, 368, 420, 461, 464, 493, 608, 699, 770, 880, 951, 1008, 1193, 1206, 1395, 1476, 1477, 1542, 1617, 1667, 1725, 1802, 1825, 1870, 1909, 2131, 2266, 2334, 2452, 2460, 2526, 2557, 2562, 2887, 2976, 3014, 3343, 3369, 3424, 3451, 3508, 3515, 3582, 3641, 4031, 4069, 4118, 4395, 4457, 4491, 4831, 4851, 5132, 5237, 5329, 5470, 5528, 5614, 5697, 5816, 5869, 5880, 5968, 5997, 6100, 6269, 6342, 6495, 6564, 6577, 6581, 6659, 6741, 6824, 6847, 6922, 6928, 7102, 7379, 7411, 7595, 7712, 7715, 8129, 8146, 8170, 8215, 8422, 8509, 8547, 8632, 8638, 8913, 8954, 9087, 9130, 9405, 9465, 9490, 9706, 9806, 9832, 9982]"
59,"[2, 53, 133, 177, 227, 275, 320, 375, 422, 444, 482, 588, 756, 781, 782, 1024, 1099, 1135, 1196, 1266, 1288, 1452, 1504, 1511, 1528, 1796, 2041, 2070, 2147, 2180, 2351, 2361, 2404, 2412, 2421, 2517, 2563, 2634, 2746, 2915, 2978, 3042, 3044, 3064, 3067, 3197, 3460, 3470, 3475, 3701, 3723, 3989, 4157, 4195, 4227, 4276, 4286, 4469, 4591, 4676, 4700, 4718, 4901, 4907, 4977, 5075, 5077, 5269, 5545, 5579, 5827, 5947, 6041, 6047, 6182, 6379, 6456, 6477, 6574, 6711, 6745, 6787, 6848, 6950, 6973, 7000, 7042, 7072, 7130, 7225, 7298, 7396, 7508, 7677, 8028, 8039, 8048, 8162, 8193, 8351, 8370, 8374, 8417, 8515, 8554, 8600, 8832, 8949, 8968, 9113, 9336, 9403, 9518, 9875, 9933, 9943]"
60,"[112, 136, 189, 290, 384, 1004, 1027, 1121, 1157, 1179, 1431, 1434, 1722, 1768, 1810, 2050, 2058, 2079, 2132, 2190, 2279, 2410, 2614, 2873, 2948, 3001, 3166, 3201, 3259, 3269, 3397, 3410, 3426, 3439, 3491, 3546, 3603, 3636, 3782, 3852, 3865, 3899, 3908, 4003, 4050, 4081, 4151, 4185, 4471, 4503, 4872, 5020, 5297, 5319, 5484, 5666, 5694, 5769, 5775, 6112, 6137, 6247, 6288, 6400, 6764, 6771, 6863, 6923, 6939, 6976, 6986, 7276, 7418, 7563, 7683, 7852, 7939, 7967, 8158, 8222, 8357, 8436, 8463, 8501, 8604, 8835, 8904, 9174, 9187, 9282, 9376, 9673, 9693, 9792, 9862]"
61,"[29, 152, 388, 469, 642, 719, 764, 830, 978, 1067, 1178, 1223, 1250, 1478, 1702, 1707, 1764, 1914, 1959, 2189, 2376, 2423, 2487, 2489, 2516, 2537, 2572, 2764, 2792, 2881, 2929, 2966, 3143, 3400, 3411, 3504, 3590, 3745, 3821, 3841, 3960, 4036, 4186, 4345, 4557, 4558, 4681, 4693, 4796, 4837, 5194, 5232, 5350, 5501, 5600, 5605, 5707, 6009, 6218, 6347, 6388, 6411, 6415, 6466, 6488, 6551, 6586, 6685, 6792, 6872, 6882, 6944, 6971, 7285, 7386, 7397, 7429, 7528, 7678, 7687, 7761, 7856, 8058, 8182, 8183, 8297, 8476, 8548, 8597, 8823, 8843, 8891, 9044, 9063, 9141, 9160, 9667, 9801, 9824]"
62,"[50, 60, 162, 267, 369, 510, 522, 753, 762, 861, 939, 960, 1015, 1166, 1191, 1336, 1368, 1582, 1583, 1785, 1837, 1894, 2222, 2319, 2330, 2342, 2381, 2476, 2486, 2865, 3002, 3160, 3344, 3348, 3360, 3427, 3464, 3497, 3589, 3704, 3722, 3754, 3806, 3853, 3869, 4056, 4232, 4234, 4448, 4723, 4776, 4789, 5171, 5204, 5213, 5248, 5293, 5583, 5892, 5987, 6127, 6297, 6368, 6666, 6820, 6856, 6864, 6869, 7024, 7061, 7065, 7076, 7129, 7176, 7286, 7483, 7486, 7569, 7588, 7631, 7802, 7855, 7923, 7925, 7949, 7973, 8136, 8199, 8368, 8525, 8551, 8674, 8765, 8804, 8827, 8863, 9262, 9430, 9440, 9646]"
63,"[18, 144, 408, 487, 565, 628, 807, 903, 957, 1048, 1054, 1077, 1327, 1354, 1376, 1391, 1408, 1727, 1879, 1952, 2055, 2518, 2750, 2806, 2844, 2937, 2944, 3082, 3184, 3247, 3335, 3440, 3466, 3549, 3571, 3654, 3788, 3873, 3935, 4078, 4150, 4365, 4526, 4620, 4725, 4752, 4825, 5003, 5080, 5103, 5112, 5244, 5258, 5284, 5387, 5468, 5756, 5781, 5802, 5942, 6080, 6093, 6222, 6412, 6447, 6468, 6566, 6696, 6727, 6781, 6801, 6896, 7184, 7244, 7438, 7616, 7741, 7863, 7890, 8125, 8330, 8372, 8468, 8475, 8502, 8850, 8905, 8950, 9119, 9180, 9249, 9296, 9438, 9689, 9720, 9727, 9729, 9734, 9896, 9958]"
64,"[119, 221, 511, 529, 530, 553, 882, 1029, 1051, 1086, 1324, 1370, 1512, 1518, 1591, 1603, 1622, 1693, 1731, 2009, 2092, 2105, 2403, 2513, 2541, 2684, 3011, 3180, 3222, 3459, 3569, 3610, 3650, 3952, 4102, 4172, 4231, 4318, 4410, 4417, 4630, 4841, 4859, 4916, 4992, 5055, 5149, 5156, 5246, 5366, 5390, 5395, 5422, 5496, 5536, 5643, 5726, 5749, 5867, 5902, 6033, 6063, 6250, 6255, 6341, 6465, 6496, 6686, 6740, 6874, 6969, 6980, 7043, 7082, 7093, 7114, 7197, 7927, 8314, 8415, 8424, 8532, 8567, 8584, 8621, 8696, 8931, 9367, 9417, 9533, 9640, 9705, 9710, 9740, 9843, 9849, 9912, 9920]"
65,"[16, 109, 182, 247, 257, 295, 427, 586, 682, 700, 709, 713, 729, 731, 977, 988, 1143, 1159, 1195, 1252, 1453, 1521, 1539, 1657, 1931, 1943, 1998, 2085, 2122, 2164, 2165, 2264, 2293, 2691, 2790, 2935, 3106, 3119, 3236, 3251, 3285, 3447, 3605, 3612, 3638, 3797, 3798, 3812, 3930, 3963, 4071, 4116, 4432, 4501, 4532, 4611, 4671, 4692, 4735, 4774, 4799, 4964, 5053, 5098, 5151, 5325, 5516, 5590, 5608, 5810, 5928, 5937, 6059, 6259, 6308, 6371, 6409, 6623, 6624, 6634, 6658, 6888, 6927, 6982, 7089, 7133, 7395, 7409, 7410, 7698, 7731, 7757, 7846, 7874, 7975, 7985, 8001, 8180, 8389, 8496, 8543, 8545, 8609, 8633, 8833, 8838, 9009, 9237, 9322, 9483, 9485, 9648, 9786, 9905]"
66,"[107, 117, 172, 183, 193, 203, 311, 372, 390, 671, 679, 904, 907, 1141, 1146, 1205, 1246, 1299, 1325, 1372, 1389, 1526, 1544, 1680, 1763, 1862, 2166, 2201, 2316, 2366, 2367, 2440, 2592, 2678, 2798, 2973, 2990, 3028, 3050, 3110, 3248, 3373, 3441, 3446, 3526, 3580, 3803, 3901, 4053, 4082, 4152, 4228, 4323, 4402, 4447, 4473, 4494, 4635, 4708, 4751, 4864, 5042, 5110, 5118, 5555, 5665, 5669, 5728, 5922, 5984, 6122, 6151, 6312, 6390, 6572, 6632, 6641, 6652, 6728, 6762, 6794, 6795, 7406, 7459, 7501, 7658, 7803, 7956, 8086, 8168, 8197, 8276, 8404, 9000, 9013, 9068, 9099, 9309, 9319, 9323, 9502, 9538, 9545, 9587, 9605, 9789, 9818, 9918]"
67,"[49, 98, 213, 513, 523, 609, 798, 857, 917, 979, 1019, 1058, 1083, 1113, 1149, 1494, 1615, 1711, 1780, 1789, 2027, 2075, 2084, 2145, 2389, 2595, 2715, 2752, 2780, 2829, 3112, 3182, 3305, 3347, 3462, 3575, 3592, 3758, 3801, 3833, 3850, 3946, 4032, 4038, 4354, 4358, 4430, 4505, 4550, 4586, 4621, 4667, 4760, 4875, 5043, 5079, 5111, 5337, 5340, 5651, 5763, 5801, 5850, 5868, 5964, 6048, 6172, 6266, 6295, 6490, 6620, 6690, 6777, 6798, 7149, 7209, 7266, 7426, 7531, 7551, 7610, 7681, 7865, 7943, 7953, 8020, 8037, 8219, 8232, 8309, 8482, 8484, 8643, 8656, 8845, 8851, 9080, 9096, 9436, 9527, 9657, 9695, 9976]"
68,"[115, 377, 398, 432, 480, 498, 535, 541, 650, 743, 854, 887, 929, 1000, 1334, 1644, 1648, 1695, 1698, 1699, 1730, 1746, 1773, 1790, 1849, 1866, 1875, 2114, 2115, 2155, 2169, 2193, 2247, 2295, 2307, 2314, 2335, 2347, 2349, 2455, 2601, 2628, 2630, 2665, 2961, 3005, 3072, 3086, 3120, 3169, 3252, 3337, 3367, 3382, 3434, 3444, 3675, 3703, 3725, 3940, 3956, 4021, 4269, 4294, 4443, 4489, 4568, 4597, 4613, 4727, 4747, 4753, 5050, 5160, 5202, 5417, 5630, 5926, 5956, 5959, 6073, 6237, 6346, 6365, 6596, 6679, 6688, 6697, 7107, 7108, 7174, 7185, 7255, 7317, 7378, 7523, 7621, 7639, 7845, 7915, 8013, 8132, 8286, 8381, 8387, 8395, 8425, 8427, 8698, 8810, 9148, 9338, 9560, 9704, 9960]"
69,"[0, 114, 164, 333, 350, 358, 382, 501, 540, 627, 758, 865, 944, 1213, 1237, 1416, 1610, 1638, 1662, 1672, 1678, 1714, 1835, 1919, 1944, 1976, 2179, 2308, 2503, 2597, 2692, 2774, 3121, 3161, 3265, 3282, 3287, 3351, 3422, 3596, 3609, 3746, 3781, 3829, 3932, 3947, 3970, 4147, 4156, 4581, 4608, 4631, 4689, 4812, 4909, 4910, 5100, 5164, 5239, 5298, 5306, 5403, 5642, 5715, 5794, 5806, 5817, 5860, 5957, 6060, 6111, 6304, 6343, 6452, 6644, 6647, 6684, 6722, 6915, 6995, 7019, 7199, 7354, 7432, 7441, 7454, 7533, 7898, 7908, 7962, 8203, 8244, 8261, 8402, 8420, 8449, 8564, 8575, 8623, 8689, 8721, 9039, 9143, 9191, 9327, 9431, 9555, 9582, 9808, 9919, 9968]"
70,"[87, 376, 391, 459, 479, 516, 528, 658, 667, 694, 714, 734, 1012, 1063, 1080, 1280, 1283, 1351, 1367, 1447, 1538, 1804, 1945, 2138, 2183, 2186, 2448, 2721, 2732, 2758, 3074, 3127, 3131, 3142, 3150, 3152, 3225, 3264, 3278, 3286, 3421, 3467, 3477, 3584, 3835, 4268, 4321, 4357, 4382, 4441, 4454, 4578, 4643, 4778, 4848, 4853, 5007, 5026, 5440, 5480, 5717, 5993, 6094, 6098, 6281, 6808, 6833, 7163, 7581, 7690, 7706, 7889, 7976, 8321, 8335, 8527, 8565, 8618, 8668, 8817, 8892, 8942, 8980, 9058, 9155, 9215, 9270, 9294, 9427, 9510, 9616, 9619, 9869, 9895, 9906, 9929]"
71,"[65, 176, 202, 250, 419, 437, 610, 631, 659, 684, 773, 820, 852, 948, 992, 1103, 1423, 1557, 1717, 1726, 1767, 2143, 2218, 2221, 2285, 2632, 2722, 2981, 3040, 3186, 3194, 3319, 3345, 3346, 3384, 3407, 3765, 3800, 3816, 4075, 4099, 4500, 4508, 4541, 4645, 4695, 4763, 4880, 4920, 5014, 5025, 5131, 5253, 5270, 5274, 5400, 5664, 5667, 5681, 5740, 5788, 5859, 5873, 6241, 6298, 6319, 6353, 6380, 6472, 6589, 6675, 6709, 6920, 7191, 7192, 7512, 7527, 7615, 7624, 7627, 7777, 7824, 7862, 7932, 8119, 8259, 8434, 8549, 8814, 8861, 9047, 9093, 9372, 9655, 9679, 9840, 9881, 9900, 9971]"
72,"[14, 26, 322, 566, 655, 868, 893, 900, 1047, 1170, 1316, 1440, 1963, 2139, 2234, 2380, 2464, 2488, 2523, 2629, 2745, 2749, 2861, 2867, 2958, 3167, 3206, 3237, 3249, 3303, 3304, 3332, 3355, 3660, 3668, 3683, 3771, 3866, 3938, 4054, 4178, 4266, 4742, 4968, 4970, 4978, 4979, 5030, 5231, 5527, 5546, 5581, 5618, 5934, 6050, 6248, 6662, 6703, 6768, 6810, 6841, 6931, 6946, 7004, 7212, 7228, 7345, 7450, 7619, 7623, 7674, 7986, 8098, 8196, 8243, 8254, 8265, 8266, 8364, 8560, 8578, 8653, 8704, 8824, 8956, 9018, 9104, 9133, 9161, 9229, 9255, 9680, 9698, 9815, 9822, 9829, 9858]"
73,"[41, 187, 207, 214, 219, 220, 282, 365, 446, 804, 922, 1032, 1040, 1155, 1317, 1357, 1473, 1536, 1581, 1776, 1830, 1847, 1867, 1895, 1916, 1970, 2229, 2311, 2373, 2379, 2441, 2505, 2576, 2579, 2943, 2999, 3177, 3242, 3334, 3492, 3533, 3544, 3657, 3814, 3982, 4240, 4353, 4411, 4466, 4477, 4490, 4493, 4702, 4732, 4839, 4987, 5004, 5035, 5095, 5117, 5159, 5267, 5446, 5471, 5518, 5551, 5659, 5843, 6026, 6081, 6170, 6516, 6541, 6559, 6612, 6796, 6967, 7067, 7437, 7442, 7451, 7482, 7484, 7744, 7772, 7776, 7822, 7847, 7916, 8026, 8087, 8123, 8299, 8524, 8732, 8747, 8767, 8873, 8895, 8912, 8937, 8945, 8988, 9236, 9250, 9274, 9325, 9334, 9368, 9458, 9487, 9604, 9702, 9855, 9874, 9973]"
74,"[184, 199, 210, 266, 457, 472, 562, 1142, 1177, 1225, 1286, 1320, 1461, 1503, 1687, 1696, 1778, 1800, 1814, 1902, 2096, 2197, 2466, 2603, 2793, 2866, 2903, 2946, 3037, 3430, 3530, 3923, 3962, 4159, 4636, 4680, 4857, 4994, 5010, 5322, 5460, 5497, 5507, 5510, 5549, 5751, 5836, 6006, 6017, 6186, 6223, 6373, 6417, 6635, 6677, 6765, 6806, 6828, 7120, 7181, 7306, 7475, 7516, 7618, 7749, 7755, 7940, 7995, 8041, 8073, 8109, 8241, 8255, 8454, 8503, 8593, 8598, 8611, 8613, 8836, 8878, 8914, 8922, 8943, 9016, 9126, 9284, 9348, 9567, 9617, 9649, 9686, 9718, 9854, 9871, 9884, 9941, 9986]"
75,"[56, 240, 359, 370, 412, 413, 749, 856, 869, 926, 981, 1022, 1134, 1260, 1509, 1595, 1770, 1846, 1861, 1971, 2045, 2134, 2208, 2231, 2298, 2324, 2498, 2709, 2859, 2974, 3019, 3238, 3293, 3540, 3578, 3677, 3709, 3714, 3823, 3854, 3979, 4104, 4111, 4211, 4262, 4350, 4352, 4665, 4807, 4845, 4870, 5031, 5037, 5090, 5154, 5265, 5320, 5369, 5423, 5690, 5903, 5932, 6018, 6141, 6166, 6197, 6271, 6292, 6361, 6501, 6537, 6615, 6683, 6816, 6817, 6984, 7022, 7172, 7190, 7196, 7299, 7377, 7421, 7578, 7628, 7641, 7720, 7930, 8032, 8047, 8305, 8466, 8537, 8602, 9066, 9163, 9193, 9231, 9271, 9314, 9335, 9428, 9482, 9504, 9656, 9665, 9692]"
76,"[205, 217, 243, 346, 399, 421, 499, 536, 660, 673, 705, 755, 772, 840, 983, 1007, 1235, 1241, 1607, 1663, 1701, 1808, 1851, 2012, 2049, 2061, 2098, 2267, 2291, 2332, 2356, 2374, 2495, 2511, 2650, 2800, 2841, 2939, 3008, 3084, 3138, 3263, 3279, 3600, 3621, 3685, 3795, 3882, 3903, 3971, 3986, 4048, 4155, 4334, 4405, 4481, 4838, 5058, 5094, 5224, 5229, 5276, 5374, 5404, 5522, 5677, 5683, 5757, 5784, 5812, 5970, 6120, 6179, 6370, 6382, 6767, 6860, 6893, 7005, 7146, 7205, 7303, 7307, 7457, 7537, 7599, 7640, 7708, 7735, 7747, 7753, 7764, 7765, 7841, 7891, 8094, 8239, 8240, 8298, 8323, 8362, 8369, 8379, 8523, 8605, 8847, 8880, 8985, 9105, 9278, 9407, 9497, 9662, 9688, 9755]"
77,"[88, 410, 467, 500, 543, 632, 823, 989, 1042, 1171, 1290, 1361, 1378, 1388, 1412, 1496, 1630, 1683, 1697, 1758, 1929, 1990, 2037, 2043, 2090, 2250, 2305, 2312, 2407, 2683, 2811, 2843, 2918, 2968, 3203, 3219, 3233, 3561, 3634, 3689, 3717, 3732, 3863, 3937, 4027, 4088, 4132, 4182, 4335, 4506, 4529, 4617, 4820, 4826, 5038, 5089, 5104, 5168, 5195, 5358, 5362, 5540, 5574, 5927, 5949, 6084, 6272, 6414, 7132, 7158, 7254, 7288, 7524, 7549, 7573, 7717, 7821, 7860, 8010, 8018, 8070, 8164, 8397, 8719, 8762, 8978, 9019, 9178, 9197, 9245, 9439, 9466, 9474, 9494, 9515, 9526, 9577, 9599, 9691, 9842, 9890]"
78,"[170, 171, 287, 301, 462, 512, 576, 874, 909, 942, 1026, 1031, 1036, 1267, 1489, 1497, 1517, 1755, 1761, 2033, 2052, 2219, 2456, 2475, 2586, 2648, 2713, 3130, 3276, 3311, 3463, 3667, 3743, 3828, 3921, 4114, 4153, 4164, 4222, 4394, 4420, 4544, 4575, 4642, 4866, 4972, 5305, 5388, 5454, 5513, 5755, 5848, 5991, 6503, 6573, 6707, 6814, 7325, 7326, 7460, 7597, 7704, 7758, 8088, 8101, 8310, 8313, 8356, 8614, 8619, 8753, 8991, 9070, 9158, 9195, 9200, 9277, 9516, 9719, 9738, 9926, 9950, 9985]"
79,"[160, 248, 315, 331, 356, 666, 724, 752, 774, 803, 1065, 1076, 1118, 1144, 1188, 1449, 1472, 1927, 2113, 2127, 2269, 2492, 2501, 2538, 2571, 2625, 2738, 2933, 3079, 3234, 3370, 3545, 3670, 4022, 4051, 4247, 4252, 4311, 4431, 4538, 4679, 4696, 4736, 4958, 4986, 5137, 5341, 5420, 5433, 5434, 5514, 5521, 5544, 5650, 5905, 6092, 6402, 6497, 7188, 7195, 7202, 7248, 7330, 7335, 7367, 7385, 7387, 7405, 7644, 7835, 7884, 8024, 8290, 8841, 8946, 8995, 8998, 9208, 9413, 9426, 9456, 9576, 9594, 9631, 9634, 9636, 9747, 9816, 9877]"
80,"[423, 584, 585, 657, 811, 994, 1124, 1169, 1180, 1262, 1404, 1589, 1654, 1738, 2272, 2502, 2544, 2559, 2565, 2651, 2789, 2854, 2905, 2914, 3316, 3317, 3493, 3505, 3715, 3777, 3826, 3834, 4015, 4042, 4093, 4158, 4224, 4325, 4528, 4570, 4766, 4906, 4951, 5047, 5123, 5166, 5203, 5240, 5311, 5330, 5373, 5465, 5537, 5662, 5809, 6126, 6296, 6349, 6476, 6499, 6552, 6558, 6785, 6823, 6878, 6892, 6953, 6975, 7134, 7235, 7473, 7538, 7630, 7657, 7959, 8128, 8149, 8317, 8337, 8901, 8902, 9062, 9146, 9194, 9333, 9349, 9463, 9498, 9566, 9571, 9591, 9787, 9866, 9951, 9970, 9977, 9980]"
81,"[38, 67, 82, 83, 212, 326, 435, 468, 492, 690, 740, 793, 846, 1005, 1207, 1302, 1559, 1712, 2126, 2135, 2337, 2504, 2587, 2612, 2671, 2838, 2896, 2930, 3000, 3383, 3386, 3490, 3512, 3594, 3830, 3831, 3998, 4057, 4103, 4117, 4137, 4187, 4255, 4290, 4317, 4347, 4560, 4628, 4629, 4894, 4971, 5046, 5076, 5197, 5296, 5299, 5353, 5438, 5450, 5505, 5592, 5723, 6233, 6279, 6333, 6367, 6432, 6459, 6638, 6661, 6716, 6789, 6844, 7026, 7122, 7234, 7290, 7318, 7570, 7586, 7689, 7793, 7848, 7990, 8160, 8191, 8194, 8349, 8359, 8418, 8443, 8460, 8480, 8499, 8572, 8794, 8883, 9129, 9289, 9374, 9550, 9562, 9590, 9813, 9979]"
82,"[51, 1172, 1279, 1353, 1381, 1469, 1481, 1600, 1611, 1616, 1619, 1732, 1891, 1988, 2019, 2124, 2230, 2323, 2327, 2590, 2951, 2957, 3149, 3164, 3178, 3241, 3432, 3506, 3572, 3748, 3763, 3820, 4095, 4105, 4107, 4267, 4283, 4462, 4545, 4602, 4755, 4761, 4885, 4921, 5165, 5233, 5401, 5840, 5911, 6159, 6282, 6399, 6766, 7095, 7141, 7147, 7491, 7766, 7827, 7912, 8017, 8089, 8175, 8181, 8245, 8347, 8470, 8544, 8594, 8664, 8758, 8826, 8876, 8886, 8889, 9022, 9365, 9389, 9505, 9512, 9670, 9888, 9947, 9984]"
83,"[101, 251, 475, 706, 722, 966, 1003, 1016, 1176, 1239, 1303, 1400, 1446, 1471, 1824, 2003, 2021, 2026, 2046, 2099, 2123, 2133, 2182, 2205, 2265, 2521, 2531, 2589, 2635, 2667, 2891, 2904, 2941, 3204, 3284, 3415, 3473, 3563, 3671, 3887, 4094, 4131, 4165, 4189, 4379, 4429, 4587, 4955, 4956, 4983, 5039, 5062, 5367, 5498, 5982, 6044, 6117, 6162, 6216, 6265, 6310, 6387, 6408, 6533, 6579, 6595, 6599, 6850, 6877, 7040, 7357, 7490, 7494, 7722, 7737, 7873, 7907, 7933, 7984, 8262, 8343, 8366, 8465, 8474, 8624, 8771, 9012, 9210, 9399, 9746, 9891]"
84,"[433, 509, 661, 825, 855, 959, 1034, 1088, 1128, 1313, 1428, 1445, 1562, 1729, 1781, 1813, 1864, 1942, 1969, 1985, 2040, 2091, 2278, 2370, 2391, 2449, 2626, 2699, 2833, 2909, 3181, 3455, 3474, 3577, 3692, 3760, 3785, 3900, 3953, 3978, 4169, 4241, 4487, 4543, 4666, 4673, 4697, 4720, 4783, 4967, 5212, 5280, 5349, 5443, 5466, 5570, 5619, 5847, 5929, 6035, 6056, 6267, 6381, 6429, 6436, 6487, 6540, 6567, 6593, 6642, 6755, 6866, 7165, 7220, 7274, 7413, 7499, 7667, 7685, 7748, 7754, 7771, 7877, 7964, 7968, 7980, 8043, 8111, 8157, 8208, 8211, 8234, 8272, 8279, 8307, 8421, 8795, 8881, 9035, 9109, 9281, 9321, 9464, 9467, 9530, 9995]"
85,"[116, 165, 185, 307, 456, 594, 670, 717, 761, 967, 1044, 1071, 1508, 1567, 1626, 1960, 2063, 2195, 2409, 2580, 2636, 2649, 2693, 2803, 2847, 3054, 3170, 3258, 3270, 3315, 3327, 3653, 3705, 3836, 3915, 4033, 4055, 4112, 4226, 4297, 4375, 4377, 4408, 4456, 4465, 4716, 4805, 5192, 5226, 5357, 5372, 5526, 5615, 5703, 5747, 5841, 5894, 5979, 6243, 6345, 6650, 6742, 6791, 6919, 6935, 6991, 7021, 7031, 7127, 7145, 7161, 7182, 7312, 7341, 7381, 7561, 7576, 7663, 7831, 7988, 8067, 8095, 8167, 8287, 8428, 8457, 8663, 8669, 8677, 8699, 8742, 8917, 9217, 9246, 9310, 9373, 9429, 9660, 9725, 9803]"
86,"[46, 153, 231, 394, 554, 582, 640, 653, 971, 1238, 1358, 1409, 1501, 1529, 1737, 1918, 1940, 1987, 2125, 2225, 2306, 2341, 2383, 2392, 2700, 2972, 3047, 3055, 3089, 3099, 3226, 3472, 3494, 3601, 3635, 3644, 3770, 3827, 4134, 4485, 4701, 4703, 4852, 5200, 5201, 5436, 5720, 5855, 5936, 5994, 5999, 6019, 6086, 6099, 6329, 6354, 6532, 6538, 6561, 6563, 6594, 6598, 6606, 6660, 6732, 6733, 6735, 6750, 7229, 7273, 7338, 7390, 7391, 7495, 7638, 7710, 7760, 7767, 7963, 8068, 8228, 8329, 8331, 8401, 8405, 8505, 8610, 8987, 9007, 9069, 9379, 9531, 9534, 9558, 9568, 9807, 9897]"
87,"[63, 169, 174, 545, 546, 611, 633, 765, 779, 818, 881, 892, 921, 1021, 1028, 1140, 1167, 1269, 1507, 1545, 1751, 1805, 1829, 1858, 1881, 1949, 2056, 2101, 2156, 2233, 2326, 2354, 2584, 2670, 2686, 2776, 2983, 3013, 3109, 3124, 3253, 3418, 3741, 3847, 3968, 3973, 3981, 4017, 4161, 4449, 4467, 4664, 4712, 4738, 4895, 5013, 5220, 5249, 5482, 5491, 5502, 5529, 5684, 5785, 5829, 5853, 6014, 6096, 6506, 6587, 6622, 6643, 6671, 6681, 6905, 6908, 6917, 6966, 7118, 7206, 7246, 7287, 7297, 7323, 7403, 7431, 7470, 7600, 7659, 7742, 7888, 7893, 7928, 8143, 8220, 8273, 8432, 8459, 8592, 8725, 8748, 8785, 8830, 8859, 8866, 8944, 8971, 9075, 9123, 9340, 9359, 9360, 9763]"
88,"[5, 106, 200, 343, 507, 550, 564, 754, 836, 997, 1010, 1078, 1097, 1242, 1272, 1292, 1399, 1467, 1868, 1888, 1993, 2261, 2310, 2385, 2468, 2604, 2808, 2816, 2925, 2993, 3154, 3179, 3202, 3291, 3524, 3686, 3751, 3861, 3904, 4121, 4209, 4272, 4300, 4332, 4368, 4726, 4744, 4767, 4768, 4770, 4834, 4889, 5113, 5190, 5295, 5779, 5912, 5933, 5998, 6079, 6105, 6290, 6386, 6521, 6536, 6549, 6603, 6784, 6836, 6937, 7154, 7180, 7194, 7207, 7211, 7308, 7440, 7452, 7503, 7603, 7903, 8064, 8121, 8340, 8536, 8722, 8897, 8908, 9169, 9207, 9247, 9449, 9452, 9492, 9949]"
89,"[110, 662, 698, 744, 984, 1079, 1107, 1138, 1312, 1379, 1664, 1935, 2118, 2262, 2527, 2542, 2642, 2814, 2837, 3022, 3024, 3025, 3087, 3171, 3235, 3240, 3306, 3333, 3341, 3350, 3377, 3443, 3480, 3538, 3550, 3669, 3673, 3804, 3857, 3874, 3925, 4205, 4250, 4285, 4360, 4580, 4678, 4797, 4821, 4927, 5211, 5290, 5345, 5352, 5384, 5415, 5428, 5489, 5508, 5573, 5639, 5701, 5741, 5792, 5897, 6165, 6212, 6234, 6251, 6457, 6607, 6678, 6699, 6753, 6865, 6873, 7081, 7189, 7210, 7241, 7420, 7617, 7661, 7769, 7901, 7921, 8142, 8213, 8275, 8277, 8334, 8487, 8690, 8726, 8818, 9060, 9095, 9101, 9204, 9257, 9346, 9369, 9377, 9536, 9681, 9723, 9814, 9839, 9863]"
90,"[204, 232, 259, 440, 449, 460, 692, 736, 837, 858, 877, 924, 955, 1111, 1216, 1570, 1612, 1740, 1816, 1933, 2200, 2328, 2491, 2569, 2716, 2855, 2880, 2890, 2952, 2989, 3103, 3302, 3329, 3537, 3539, 3547, 3810, 3954, 4130, 4171, 4180, 4216, 4413, 4434, 4515, 4582, 4794, 4819, 5133, 5155, 5207, 5409, 5761, 5774, 5852, 5893, 5919, 6028, 6130, 6185, 6291, 6535, 6674, 6705, 6748, 6758, 6822, 6857, 6900, 6941, 7034, 7046, 7208, 7380, 7408, 7461, 7502, 7642, 7716, 7785, 7944, 7998, 8044, 8106, 8227, 8274, 8378, 8483, 8491, 8644, 8816, 8918, 8958, 8981, 9167, 9182, 9188, 9320, 9353, 9386, 9412, 9544, 9546, 9557, 9622, 9659, 9775, 9921]"
91,"[1, 69, 126, 373, 411, 454, 556, 618, 621, 873, 911, 990, 1061, 1255, 1422, 1442, 1624, 1982, 1984, 1995, 2106, 2284, 2525, 2696, 2872, 2940, 3199, 3322, 3687, 3693, 3792, 3927, 4018, 4154, 4201, 4261, 4313, 4387, 4569, 4607, 4748, 4784, 4878, 4938, 5067, 5242, 5355, 5364, 5419, 5451, 5712, 6002, 6188, 6352, 6446, 6568, 6802, 6840, 7216, 7231, 7480, 7577, 7675, 7736, 7797, 7946, 7965, 8030, 8478, 8801, 8844, 8862, 9076, 9120, 9171, 9179, 9259, 9283, 9287, 9445, 9589, 9610, 9805, 9994]"
92,"[7, 17, 39, 434, 567, 603, 1020, 1148, 1285, 1432, 1468, 1599, 1753, 1793, 1799, 1812, 1860, 1955, 2018, 2344, 2467, 2669, 2839, 3239, 3354, 3358, 3622, 3838, 3957, 4062, 4206, 4213, 4275, 4304, 4306, 4507, 4775, 4782, 5093, 5310, 5361, 5416, 5452, 5490, 5499, 5585, 5591, 5730, 5837, 5924, 5961, 6180, 6419, 6428, 6453, 6511, 6524, 6651, 6977, 7092, 7115, 7263, 7428, 7540, 7652, 7792, 7798, 7982, 8051, 8059, 8065, 8178, 8217, 8458, 8676, 8755, 8819, 8953, 9005, 9135, 9240, 9580, 9749, 9790, 9794, 9798, 9864]"
93,"[36, 93, 128, 255, 354, 481, 505, 591, 597, 689, 849, 998, 1212, 1284, 1483, 1872, 1885, 2102, 2120, 2249, 2287, 2321, 2610, 2702, 2726, 2877, 3456, 3595, 3753, 3815, 3959, 3977, 4229, 4249, 4270, 4327, 4351, 4455, 4524, 4669, 4765, 5044, 5124, 5141, 5260, 5429, 5448, 5486, 5515, 5566, 5628, 5732, 5768, 5790, 5851, 5914, 5996, 6016, 6114, 6256, 6314, 6357, 6471, 6555, 6730, 6734, 6811, 6815, 6861, 6943, 6948, 7103, 7117, 7193, 7215, 7324, 7392, 7393, 7472, 7539, 7547, 7590, 7633, 7725, 7729, 7750, 7892, 8390, 8407, 8462, 8508, 8518, 8541, 8556, 8631, 8636, 8723, 8776, 8793, 9071, 9226, 9253, 9293, 9409, 9694, 9703, 9894, 9972]"
94,"[6, 28, 42, 140, 148, 288, 527, 704, 974, 1092, 1120, 1304, 1441, 1495, 1857, 2051, 2064, 2159, 2401, 2485, 2555, 2653, 2655, 2676, 2703, 2777, 2919, 2971, 3325, 3326, 3405, 3406, 3485, 3606, 3711, 4001, 4181, 4356, 4422, 4612, 4746, 4846, 4988, 5068, 5071, 5386, 5457, 5575, 5656, 5719, 5748, 5814, 5918, 6051, 6074, 6164, 6240, 6278, 6554, 6605, 6687, 6712, 6723, 6780, 7096, 7098, 7227, 7239, 7243, 7365, 7464, 7509, 7591, 7684, 8110, 8400, 8750, 8788, 8798, 8849, 8887, 9201, 9285, 9736, 9821, 9828, 9952, 9983]"
95,"[85, 279, 646, 718, 732, 792, 886, 1125, 1221, 1291, 1345, 1363, 1385, 1513, 1550, 1651, 1665, 1836, 1855, 1926, 1932, 2141, 2210, 2239, 2553, 2795, 2807, 2860, 3046, 3090, 3125, 3353, 3548, 3583, 3642, 3791, 3849, 3920, 4030, 4139, 4259, 4369, 4810, 4830, 4892, 4922, 4929, 5291, 5571, 5629, 5771, 6000, 6040, 6135, 6169, 6174, 6184, 6213, 6392, 6508, 6585, 6883, 7052, 7167, 7223, 7332, 7574, 7611, 7645, 7840, 7844, 7929, 8016, 8021, 8022, 8112, 8114, 8150, 8165, 8221, 8493, 8752, 8791, 8809, 8837, 9002, 9211, 9332, 9357, 9541, 9621, 9647, 9726, 9742, 9765, 9781]"
96,"[12, 123, 139, 353, 355, 525, 607, 786, 806, 809, 845, 937, 1106, 1245, 1274, 1296, 1301, 1450, 1459, 1571, 1803, 1839, 1893, 2030, 2175, 2206, 2270, 2290, 2420, 2631, 2704, 2959, 3091, 3165, 3331, 3389, 3557, 3617, 3848, 3980, 3999, 4065, 4085, 4191, 4196, 4291, 4553, 4564, 4787, 4793, 4806, 4828, 4850, 4887, 4943, 4996, 5177, 5339, 5370, 5607, 5609, 5638, 5708, 5722, 6082, 6133, 6176, 6301, 6437, 6507, 6542, 6725, 6906, 6942, 6968, 6981, 7125, 7300, 7446, 7825, 7849, 7902, 7972, 8295, 8412, 8426, 8566, 8781, 8927, 8928, 9053, 9198, 9264, 9354, 9477, 9612, 9685, 9850, 9867, 9967, 9998]"
97,"[13, 57, 81, 196, 222, 273, 321, 486, 497, 581, 613, 796, 821, 964, 1100, 1173, 1558, 1568, 1597, 1606, 1741, 1774, 1975, 2224, 2244, 2256, 2395, 2436, 2566, 2654, 2911, 2956, 3038, 3102, 3289, 3388, 3855, 3922, 4039, 4122, 4141, 4212, 4287, 4437, 4438, 4442, 4619, 4860, 5136, 5208, 5332, 5385, 5439, 5564, 5597, 5800, 5803, 5824, 5886, 5931, 6107, 6125, 6202, 6211, 6220, 6331, 6336, 6360, 6604, 6779, 6827, 6880, 6983, 7230, 7269, 7280, 7424, 7471, 7477, 7532, 7555, 7562, 8319, 8375, 8519, 8540, 8582, 8789, 8822, 8907, 9192, 9265, 9375, 9475, 9770, 9911, 9946]"
98,"[100, 147, 188, 302, 386, 707, 808, 908, 914, 1001, 1050, 1151, 1259, 1277, 1308, 1330, 1649, 1681, 1807, 1877, 2042, 2068, 2172, 2416, 2445, 2621, 2733, 2768, 2799, 2878, 2967, 2987, 2996, 3056, 3198, 3208, 3209, 3250, 3277, 3436, 3562, 3616, 3774, 4176, 4274, 4349, 4641, 4798, 4816, 4912, 5128, 5346, 5509, 5517, 5523, 5714, 5721, 5820, 5834, 6302, 6332, 6344, 6418, 6544, 6597, 6700, 6770, 6849, 6985, 7071, 7200, 7646, 7694, 7695, 7697, 7853, 8012, 8116, 8230, 8270, 8300, 8639, 8652, 8657, 8720, 8778, 8800, 8965, 9051, 9127, 9172, 9202, 9418, 9486, 9935, 9981]"
99,"[52, 132, 154, 190, 401, 452, 515, 539, 619, 708, 812, 824, 941, 1011, 1068, 1298, 1349, 1488, 1532, 1561, 1587, 2158, 2300, 2325, 2384, 2534, 2567, 2575, 2710, 2783, 2851, 2995, 3031, 3043, 3060, 3081, 3114, 3357, 3403, 3591, 3611, 3663, 3691, 3728, 3739, 3846, 3860, 4284, 4415, 4677, 4691, 4882, 5097, 5130, 5147, 5161, 5221, 5281, 5300, 5431, 5435, 5463, 5530, 5560, 5645, 5863, 6036, 6052, 6138, 6226, 6239, 6253, 6363, 6404, 6443, 6458, 6557, 6562, 6769, 6793, 6858, 6867, 6885, 7003, 7265, 7293, 7304, 7443, 7589, 7665, 7752, 7775, 7945, 7966, 8045, 8115, 8139, 8392, 8455, 8542, 8555, 8654, 8702, 8710, 8773, 8867, 8952, 9186, 9232, 9235, 9304, 9392, 9470, 9697, 9733, 9760, 9811, 9872, 9930, 9964]"
